Team,Arena,Capacity,City,State,Latitude,Longitude,CONF
Abilene Christian,Moody Coliseum,4600,Abilene,TX,32.470783,-99.709147,Slnd
Air Force,Clune Arena,5858,Colorado Springs,CO,39.013952,-104.883787,MWC
Akron,James A. Rhodes Arena,5500,Akron,OH,41.075816,-81.50601,MAC
Alabama,Coleman Coliseum,15383,Tuscaloosa,AL,33.203609,-87.53953,SEC
Alabama A&M,Elmore Gymnasium,6000,Normal,AL,34.785559,-86.575436,SWAC
Alabama St.,Dunn-Oliver Acadome,7400,Montgomery,AL,32.361867,-86.29318,SWAC
Albany,SEFCU Arena,4538,Guilderland,NY,42.68222,-73.828309,AE
Alcorn St.,Davey Whitney Complex,7000,Lorman,MS,31.873585,-91.133198,SWAC
American,Bender Arena,4500,Washington,DC,38.938637,-77.088249,Pat
Appalachian St.,George M. Holmes Convocation Center,8325,Boone,NC,36.211562,-81.674992,SB
Arizona,McKale Center,14545,Tucson,AZ,32.230408,-110.948059,P12
Arizona St.,Desert Financial Arena,14100,Tempe,AZ,33.425283,-111.92864,P12
Arkansas,Bud Walton Arena,19368,Fayetteville,AR,36.062464,-94.177369,SEC
Arkansas Little Rock,Jack Stephens Center,5600,Little Rock,AR,34.729086,-92.338826,SB
Arkansas Pine Bluff,K. L. Johnson Complex,4500,Pine Bluff,AR,34.246573,-92.021619,SWAC
Arkansas St.,First National Bank Arena,10563,Jonesboro,AR,35.845998,-90.672396,SB
Army,Christl Arena,5043,West Point,NY,41.38697,-73.964486,Pat
Auburn,Auburn Arena,9121,Auburn,AL,32.603843,-85.490053,SEC
Austin Peay,Dunn Center,9000,Clarksville,TN,36.019608,-77.7769,OVC
Ball St.,John E. Worthen Arena,11500,Muncie,IN,40.207722,-85.403697,MAC
Baylor,Ferrell Center,10347,Waco,TX,31.548617,-97.104296,B12
Belmont,Curb Event Center,5085,Nashville,TN,36.133194,-86.795917,OVC
Bethune Cookman,Moore Gymnasium,3000,Daytona,FL,29.213052,-81.028984,MEAC
Binghamton,Binghamton University Events Center,5142,Vestal,NY,42.094525,-75.968009,AE
Boise St.,Taco Bell Arena,12480,Boise,ID,43.604233,-116.19744,MWC
Boston College,Conte Forum,8606,Chestnut Hill,MA,42.336366,-71.167577,ACC
Boston University,Case Gym,1800,Boston,MA,42.354857,-71.120316,Pat
Bowling Green,Stroh Center,4700,Bowling Green,OH,41.376457,-83.62608,MAC
Bradley,Peoria Civic Center,11164,Peoria,IL,40.692704,-89.592518,MVC
Brown,Pizzitola Sports Center,2800,Providence,RI,41.832465,-71.397788,Ivy
Bryant,Chace Athletic Center,2700,Smithfield,RI,41.921824,-71.539372,NEC
Bucknell,Sojka Pavilion,4000,Lewisburg,PA,40.957546,-76.886282,Pat
Buffalo,Alumni Arena,6100,Amherst,NY,43.000738,-78.780524,MAC
Butler,Hinkle Fieldhouse,9100,Indianapolis,IN,39.844117,-86.165848,BE
BYU,Marriott Center,19000,Provo,UT,40.254785,-111.649342,WCC
Cal Baptist,CBU Events Center,5050,Riverside,CA,33.928009,-117.420123,WAC
Cal Poly,Robert A. Mott Athletics Center,3032,San Luis Obispo,CA,35.29985,-35.29985,BW
Cal St. Bakersfield,Icardo Center,3800,Bakersfield,CA,35.350236,-119.100145,WAC
Cal St. Fullerton,Titan Gym,4000,Fullerton,CA,33.883805,-117.884042,BW
Cal St. Northridge,Matadome,2400,Northridge,CA,34.242659,-118.524703,BW
California,Haas Pavilion,11877,Berkeley,CA,37.870319,-122.261579,P12
Campbell,"John W. Pope, Jr. Convocation Center",3095,Buies Creek,NC,35.408718,-78.735498,BSth
Canisius,Koessler Athletic Center,2176,Buffalo,NY,42.921635,-78.857789,MAAC
Central Arkansas,Farris Center,6000,Conway,AR,35.082461,-92.458811,Slnd
Central Connecticut,William H. Detrick Gymnasium,2654,New Britain,CT,41.69328,-72.765506,NEC
Central Michigan,McGuirk Arena,5300,Mount Pleasant,MI,43.582022,-84.772643,MAC
Charleston Southern,CSU Field House,881,North Charleston,SC,40.575923,-105.074921,BSth
Charlotte,Dale F. Halton Arena,9105,Charlotte,NC,35.307068,-80.732436,CUSA
Chattanooga,McKenzie Arena,10928,Chattanooga,TN,35.050889,-85.2992,SC
Chicago St.,Emil and Patricia Jones Convocation Center,7000,Chicago,IL,41.717547,-87.605296,WAC
Cincinnati,Fifth Third Arena,12012,Cincinnati,OH,39.131729,-84.510974,Amer
Clemson,Littlejohn Coliseum,9000,Clemson,SC,34.68126,-82.845223,ACC
Cleveland St.,Wolstein Center,13610,Cleveland,OH,41.500348,-81.674868,Horz
Coastal Carolina,HTC Center,3600,Conway,SC,33.799786,-79.015021,SB
Colgate,Cotterell Court,1750,Hamilton,NY,42.816084,-75.54118,Pat
College of Charleston,TD Arena,5100,Charleston,SC,32.786593,-79.93214,CAA
Colorado,CU Events Center,11064,Boulder,CO,40.005291,-105.257882,P12
Colorado St.,Moby Arena,8745,Fort Collins,CO,40.576401,-105.092538,MWC
Columbia,Levien Gymnasium,3408,New York,NY,40.811314,-73.95968,Ivy
Connecticut,XL Center,15600,Hartford,CT,41.769185,-41.769185,Amer
Coppin St.,Physical Education Complex,4100,Baltimore,MD,39.316044,-76.654904,MEAC
Cornell,Newman Arena,4473,Ithaca,NY,42.446252,-76.474097,Ivy
Creighton,CHI Health Center Omaha,18320,Omaha,NE,41.264789,-95.927609,BE
Dartmouth,Leede Arena,2100,Hanover,NH,43.703868,-72.281543,Ivy
Davidson,John M. Belk Arena,5223,Davidson,NC,35.499986,-80.838769,A10
Dayton,University of Dayton Arena,13435,Dayton,OH,39.736337,-84.199029,A10
Delaware,Bob Carpenter Center,5000,Newark,DE,39.661216,-75.747832,CAA
Delaware St.,Memorial Hall,3000,Dover,DE,39.188153,-75.540878,MEAC
Denver,Magness Arena,7200,Denver,CO,39.682703,-104.959613,Sum
DePaul,Wintrust Arena,10387,Chicago,IL,41.85471,-87.619884,BE
Detroit,Calihan Hall,8295,Detroit,MI,42.414938,-83.133529,Horz
Drake,Knapp Center,7152,Des Moines,IA,41.605554,-93.649739,MVC
Drexel,Daskalakis Athletic Center,2509,Philadelphia,PA,39.956919,-75.19056,CAA
Duke,Cameron Indoor Stadium,9314,Durham,NC,35.998027,-78.93933,ACC
Duquesne,Palumbo Center,4406,Pittsburgh,PA,40.43794,-79.987309,A10
East Carolina,Williams Arena at Minges Coliseum,8000,Greenville,NC,35.598358,-77.364934,Amer
East Tennessee St.,Freedom Hall Civic Center,6149,Johnson City,TN,36.324992,-82.372853,SC
Eastern Illinois,Lantz Arena,5300,Charleston,IL,39.480964,-88.178548,OVC
Eastern Kentucky,Alumni Coliseum,6500,Richmond,KY,37.737894,-84.298569,OVC
Eastern Michigan,Convocation Center,8824,Ypsilanti,MI,42.254864,-83.644958,MAC
Eastern Washington,Reese Court,6000,Cheney,WA,47.491981,-117.587976,BSky
Elon,Schar Center,5100,Elon,NC,36.108727,-79.50819,CAA
Evansville,Ford Center,10000,Evansville,IN,37.972333,-87.564575,MVC
Fairfield,Webster Bank Arena,9000,Bridgeport,CT,41.174341,-73.185114,MAAC
Fairleigh Dickinson,Rothman Center,5000,Hackensack,NJ,40.897404,-74.030501,NEC
FIU,O'Connell Center,12000,Gainesville,FL,29.650658,-82.349095,CUSA
Florida,Teaching Gym,9639,Tallahassee,FL,30.424731,-84.287243,SEC
Florida A&M,FAU Arena,5000,Boca Raton,FL,26.373147,-80.108378,MEAC
Florida Atlantic,Alico Arena,4500,Fort Myers,FL,26.472061,-81.762434,CUSA
Florida Gulf Coast,Ocean Bank Convocation Center,5000,Miami,FL,25.757583,-80.377395,ASun
Florida St.,Donald L. Tucker Civic Center,12100,Tallahassee,FL,30.43867,-84.284984,ACC
Fordham,Rose Hill Gymnasium,3200,Bronx,NY,40.862957,-73.881534,A10
Fort Wayne,Hillard Gates Sports Center,2300,Fort Wayne,IN,41.120215,-85.105503,Sum
Fresno St.,Save Mart Center,15544,Fresno,CA,36.810591,-119.737175,MWC
Furman,Timmons Arena,4000,Greenville,SC,34.918603,-82.433899,SC
Gardner Webb,Paul Porter Arena,5000,Boiling Springs,NC,35.247139,-81.666081,BSth
George Mason,EagleBank Arena,10000,Fairfax,VA,38.827609,-77.308288,A10
George Washington,Charles E. Smith Center,5000,Washington,DC,38.899111,-77.04677,A10
Georgetown,Capital One Arena,20308,Washington,DC,38.898862,-77.021144,BE
Georgia,Stegeman Coliseum,10523,Athens,GA,33.943335,-83.376518,SEC
Georgia Southern,Hanner Fieldhouse,4325,Statesboro,GA,32.428513,-81.775266,SB
Georgia St.,GSU Sports Arena,3854,Atlanta,GA,33.75265,-84.383701,SB
Georgia Tech,Hank McCamish Pavilion,8600,Atlanta,GA,33.781424,-84.390937,ACC
Gonzaga,McCarthey Athletic Center,6000,Spokane,WA,47.666202,-117.398196,WCC
Grambling St.,Fredrick C. Hobdy Assembly Center,7500,Grambling,LA,32.521295,-92.721067,SWAC
Grand Canyon,GCU Arena,7500,Phoenix,AZ,33.510453,-112.127324,WAC
Green Bay,Resch Center,9729,Ashwaubenon,WI,44.500231,-88.05277,Horz
Hampton,Hampton Convocation Center,7200,Hampton,VA,37.020756,-76.328511,MEAC
Hartford,Chase Arena,4017,Hartford,CT,41.802383,-72.715672,AE
Harvard,Lavietes Pavilion,2195,Allston,MA,42.369098,-71.124237,Ivy
Hawaii,Stan Sheriff Center,10300,Honolulu,HI,21.295348,-157.817117,BW
High Point,Millis Athletic Convocation Center,1750,High Point,NC,35.973966,-79.992422,BSth
Hofstra,Hofstra Arena,5124,Hempstead,NY,40.720662,-73.593415,CAA
Holy Cross,Hart Center,3600,Worcester,MA,42.235496,-71.805289,Pat
Houston,Fertitta Center,7100,Houston,TX,29.725477,-95.345248,Amer
Houston Baptist,Sharp Gymnasium,1000,Houston,TX,29.69601,-95.514713,Slnd
Howard,Burr Gymnasium,2700,Washington,DC,38.92698,-77.020377,MEAC
Idaho,Cowan Spectrum,7000,Moscow,ID,46.726977,-117.015076,BSky
Idaho St.,Holt Arena,8000,Pocatello,ID,42.870503,-112.427324,BSky
Illinois,State Farm Center,15544,Champaign,IL,40.096692,-88.234311,B10
Illinois Chicago,Credit Union 1 Arena,6115,Chicago,IL,41.875756,-87.65428,Horz
Illinois St.,Redbird Arena,10200,Normal,IL,40.511473,-88.996783,MVC
Incarnate Word,McDermott Center,2000,San Antonio,TX,29.468802,-98.468492,Slnd
Indiana,Simon Skjodt Assembly Hall,17472,Bloomington,IN,39.181423,-86.521167,B10
Indiana St.,Hulman Center,10200,Terre Haute,IN,39.46891,-87.402677,MVC
Iona,Hynes Athletic Center,2611,New Rochelle,NY,40.927886,-73.783454,MAAC
Iowa,Carver-Hawkeye Arena,15500,Iowa City,IA,41.664259,-91.552373,B10
Iowa St.,Hilton Coliseum,14376,Ames,IA,42.021843,-93.632598,B12
IPFW,Hillard Gates Sports Center,2300,Fort Wayne,IN,41.120442,-85.105546,Sum
IUPUI,Indiana Farmers Coliseum,6841,Indianapolis,IN,39.827872,-86.132664,Sum
Jackson St.,Williams Assembly Center,8000,Jackson,MS,32.300731,-90.209499,SWAC
Jacksonville,Swisher Gymnasium,1500,Jacksonville,FL,30.350938,-81.60243,ASun
Jacksonville St.,Pete Mathews Coliseum,5300,Jacksonville,AL,33.825157,-85.771883,OVC
James Madison,James Madison University Convocation Center,7156,Harrisonburg,VA,38.43259,-78.867344,CAA
Kansas,Allen Fieldhouse,16300,Lawrence,KS,38.955101,-95.248315,B12
Kansas St.,Bramlage Coliseum,12528,Manhattan,KS,39.201224,-96.5916,B12
Kennesaw St.,KSU Convocation Center,4792,Kennesaw,GA,34.037819,-84.577837,ASun
Kent St.,Memorial Athletic and Convocation Center,6327,Kent,OH,41.148631,-81.342578,MAC
Kentucky,Rupp Arena,20545,Lexington,KY,38.04959,-84.50046,SEC
La Salle,Tom Gola Arena,3400,Philadelphia,PA,40.04063,-75.153131,A10
Lafayette,Kirby Sports Center,3500,Easton,PA,40.702714,-75.208116,Pat
Lamar,Montagne Center,10746,Beaumont,TX,30.04491,-94.069298,Slnd
Lehigh,Stabler Arena,6000,Bethlehem,PA,40.586041,-75.35516,Pat
Liberty,Vines Center,9547,Lynchburg,VA,37.349632,-79.179004,BSth
Lipscomb,Allen Arena,5028,Nashville,TN,36.104598,-86.794969,ASun
Little Rock,Jack Stephens Center,5600,Little Rock,AR,34.729121,-92.337882,SB
LIU Brooklyn,Steinberg Wellness Center,2500,Brooklyn,NY,40.691069,-73.977031,NEC
Long Beach St.,Walter Pyramid,5000,Long Beach,CA,33.788575,-118.111686,BW
Longwood,Willett Hall,1807,Farmville,VA,37.298567,-78.392879,BSth
Louisiana Lafayette,Cajundome,13501,Lafayette,LA,30.21908,-92.036901,SB
Louisiana Monroe,Thomas Assembly Center,8098,Ruston,LA,32.533366,-92.658025,SB
Louisiana Tech,Fant-Ewing Coliseum,7085,Monroe,LA,32.53231,-92.066191,CUSA
Louisville,KFC Yum! Center,22090,Louisville,KY,38.258614,-85.751555,ACC
Loyola Chicago,Joseph J. Gentile Arena,4486,Chicago,IL,42.001208,-87.658178,MVC
Loyola Marymount,Gersten Pavilion,4156,Los Angeles,CA,33.968554,-118.414614,WCC
Loyola MD,Reitz Arena,3000,Baltimore,MD,39.347463,-76.617349,Pat
LSU,Pete Maravich Assembly Center,13215,Baton Rouge,LA,30.414979,-91.183382,SEC
Maine,Cross Insurance Center,5800,Bangor,ME,44.789732,-68.77609,AE
Manhattan,Draddy Gymnasium,2345,Bronx,NY,40.891234,-73.898404,MAAC
Marist,McCann Arena,3200,Poughkeepsie,NY,41.718096,-73.933103,MAAC
Marquette,Fiserv Forum,17500,Milwaukee,WI,43.045676,-87.916485,BE
Marshall,Cam Henderson Center,9048,Huntington,WV,38.425431,-82.424607,CUSA
Maryland,Xfinity Center,17950,College Park,MD,41.993229,-71.217455,B10
Maryland Eastern Shore,Hytche Athletic Center,5500,Princess Anne,MD,38.211944,-75.685114,MEAC
Massachusetts,William D. Mullins Memorial Center,9493,Amherst,MA,42.389952,-42.389952,A10
McNeese St.,Health and Human Performance Education Complex,4200,Lake Charles,LA,30.174127,-93.207783,Slnd
Memphis,FedExForum,18119,Memphis,TN,35.139159,-90.048054,Amer
Mercer,Hawkins Arena,3500,Macon,GA,32.829786,-83.650709,SC
Miami FL,Watsco Center,7972,Coral Gables,FL,25.715859,-80.277675,ACC
Miami OH,Millett Hall,6400,Oxford,OH,39.518336,-84.734543,MAC
Michigan,Crisler Center,12707,Ann Arbor,MI,42.266253,-83.745378,B10
Michigan St.,Breslin Student Events Center,14797,East Lansing,MI,42.729057,-84.488893,B10
Middle Tennessee,Murphy Center,11520,Murfreesboro,TN,35.853157,-86.366322,CUSA
Milwaukee,UW-Milwaukee Panther Arena,10783,Milwaukee,WI,43.042651,-87.915999,Horz
Minnesota,Williams Arena,14625,Minneapolis,MN,44.977545,-93.225022,B10
Mississippi,The Pavilion at Ole Miss,9500,Oxford,MS,34.363437,-89.534042,SEC
Mississippi St.,Humphrey Coliseum,10575,Starkville,MS,33.462203,-88.790506,SEC
Mississippi Valley St.,Harrison HPER Complex,5000,Itta Bena,MS,33.513304,-90.339479,SWAC
Missouri,Mizzou Arena,15061,Columbia,MO,38.933222,-92.33159,SEC
Missouri St.,JQH Arena,11000,Springfield,MO,37.202464,-93.279989,MVC
Monmouth,OceanFirst Bank Center,4100,West Long Branch,NJ,40.281233,-74.003533,MAAC
Montana,Dahlberg Arena,7321,Missoula,MT,46.864516,-113.982137,BSky
Montana St.,Worthington Arena,7250,Bozeman,MT,45.663933,-111.048085,BSky
Morehead St.,Ellis Johnson Arena,6500,Morehead,KY,38.190957,-83.424533,OVC
Morgan St.,Talmadge L. Hill Field House,4250,Baltimore,MD,39.342988,-76.583966,MEAC
Mount St. Mary's,PNC Sports Complex,3121,Emmitsburg,MD,39.680122,-77.343412,NEC
Murray St.,CFSB Center,8602,Murray,KY,36.623421,-88.31833,OVC
Navy,Alumni Hall,5710,Annapolis,MD,38.985016,-76.485547,Pat
Nebraska,Pinnacle Bank Arena,15147,Lincoln,NE,40.818678,-96.710645,B10
Nebraska Omaha,Baxter Arena,7500,Omaha,NE,41.236992,-96.011017,Sum
Nevada,Lawlor Events Center,11536,Reno,NV,39.54596,-119.816283,MWC
New Hampshire,Lundholm Gym,3500,Durham,NH,43.139439,-70.935501,AE
New Mexico,"Dreamstyle Arena ""The Pit""",15411,Albuquerque,NM,35.067737,-106.629558,MWC
New Mexico St.,Pan American Center,12482,Las Cruces,NM,32.283965,-106.738952,WAC
New Orleans,Lakefront Arena,8933,New Orleans,LA,30.031661,-90.04796,Slnd
Niagara,Gallagher Center,2400,Lewiston,NY,43.138316,-79.035741,MAAC
Nicholls St.,Stopher Gymnasium,3800,Thibodaux,LA,29.793326,-90.799322,Slnd
NJIT,Wellness and Events Center,3500,Newark,NJ,40.742999,-74.179155,ASun
Norfolk St.,Joseph G. Echols Memorial Hall,7000,Norfolk,VA,36.848862,-76.255579,MEAC
North Alabama,Flowers Hall,3900,Florence,AL,34.809104,-87.682181,ASun
North Carolina,Dean Smith Center,21750,Chapel Hill,NC,35.90004,-79.041513,ACC
North Carolina A&T,Corbett Sports Center,5700,Greensboro,NC,36.077274,-79.767468,MEAC
North Carolina Central,McDougald-McLendon Arena,3056,Durham,NC,35.977011,-78.895653,MEAC
North Dakota,Betty Engelstad Sioux Center,3300,Grand Forks,ND,47.928314,-97.071356,BSky
North Dakota St.,Scheels Center,5700,Fargo,ND,46.904888,-96.795256,Sum
North Florida,UNF Arena,5800,Jacksonville,FL,30.274177,-81.504973,ASun
North Texas,UNT Coliseum,10032,Denton,TX,33.209348,-97.151574,CUSA
Northeastern,Matthews Arena,6000,Boston,MA,42.342004,-71.08311,CAA
Northern Arizona,Walkup Skydome,11230,Flagstaff,AZ,35.181266,-111.650836,BSky
Northern Colorado,Bank of Colorado Arena,2992,Greeley,CO,40.403034,-104.700082,BSky
Northern Illinois,Convocation Center,10000,DeKalb,IL,41.936215,-88.783292,MAC
Northern Iowa,McLeod Center,6650,Cedar Falls,IA,42.514903,-92.464138,MVC
Northern Kentucky,BB&T Arena,9400,Highland Heights,KY,39.032328,-84.457556,Horz
Northwestern,Welsh-Ryan Arena,7039,Evanston,IL,42.067706,-87.689506,B10
Northwestern St.,Prather Coliseum,3900,Natchitoches,LA,31.745267,-93.093321,Slnd
Notre Dame,Edmund P. Joyce Center,9149,Notre Dame,IN,41.697893,-86.229725,ACC
Oakland,Athletics Center O'rena,4005,Rochester,MI,42.674217,-83.212358,Horz
Ohio,Convocation Center,13080,Athens,OH,39.323637,-82.102971,MAC
Ohio St.,Value City Arena,18809,Columbus,OH,40.00812,-83.02424,B10
Oklahoma,Lloyd Noble Center,11528,Norman,OK,35.188242,-97.440711,B12
Oklahoma St.,Gallagher-Iba Arena,13611,Stillwater,OK,36.126458,-97.063413,B12
Old Dominion,Ted Constant Convocation Center,8472,Norfolk,VA,36.885029,-76.300777,CUSA
Oral Roberts,Mabee Center,10554,Tulsa,OK,36.0487,-95.95374,Sum
Oregon,Matthew Knight Arena,12369,Eugene,OR,44.045752,-123.065581,P12
Oregon St.,Gill Coliseum,9604,Corvallis,OR,44.562005,-123.279926,P12
Pacific,Alex G. Spanos Center,6150,Stockton,CA,37.97778,-121.313633,WCC
Penn,Palestra,8722,Philadelphia,PA,39.952345,-75.187545,Ivy
Penn St.,Bryce Jordan Center,15261,State College,PA,40.80978,-77.854748,B10
Pepperdine,Firestone Fieldhouse,3104,Malibu,CA,34.039515,-118.704545,WCC
Pittsburgh,Petersen Events Center,12508,Pittsburgh,PA,40.444448,-79.960653,ACC
Portland,Chiles Center,4852,Portland,OR,45.575694,-122.727167,WCC
Portland St.,Viking Pavilion,3094,Portland,OR,45.511508,-122.685501,BSky
Prairie View A&M,William J. Nicks Building,6500,Prairie View,TX,30.092772,-95.991511,SWAC
Presbyterian,Templeton Physical Education Center,2300,Clinton,SC,34.465819,-81.867269,BSth
Princeton,Jadwin Gymnasium,6854,Princeton,NJ,40.344208,-74.648454,Ivy
Providence,Dunkin' Donuts Center,12400,Providence,RI,41.824171,-71.415896,BE
Purdue,Mackey Arena,14848,West Lafayette,IN,40.434072,-86.913921,B10
Quinnipiac,People's United Center,3570,Hamden,CT,41.415207,-72.910704,MAAC
Radford,Dedmon Center,3205,Radford,VA,37.139078,-80.54097,BSth
Rhode Island,Ryan Center,7657,Kingston,RI,41.4902,-71.529085,A10
Rice,Tudor Fieldhouse,5750,Houston,TX,29.716201,-95.402342,CUSA
Richmond,Robins Center,7201,Richmond,VA,37.581197,-77.538966,A10
Rider,Alumni Gymnasium,1950,Lawrenceville,NJ,40.279472,-74.734475,MAAC
Robert Morris,UPMC Events Center,4000,Moon Township,PA,40.520388,-80.214561,NEC
Rutgers,Rutgers Athletic Center,8000,Piscataway,NJ,40.525511,-74.441214,B10
Sacramento St.,Hornets Nest,1012,Sacramento,CA,38.562216,-121.425778,BSky
Sacred Heart,William H. Pitt Center,2062,Fairfield,CT,41.219873,-73.243977,NEC
Saint Joseph's,Hagan Arena,4200,Philadelphia,PA,39.995801,-75.234661,A10
Saint Louis,Chaifetz Arena,10600,St. Louis,MO,38.632721,-90.227323,A10
Saint Mary's,McKeon Pavilion,3500,Moraga,CA,37.841546,-122.105956,WCC
Saint Peter's,Yanitelli Center,3200,Jersey City,NJ,40.727921,-74.07263,MAAC
Sam Houston St.,Bernard Johnson Coliseum,6100,Huntsville,TX,30.713202,-95.545895,Slnd
Samford,Pete Hanna Center,4974,Homewood,AL,33.464043,-86.796974,SC
San Diego,Jenny Craig Pavilion,5100,San Diego,CA,32.774618,-117.183201,WCC
San Diego St.,Viejas Arena,12414,San Diego,CA,32.77414,-117.074195,MWC
San Francisco,War Memorial Gymnasium,5300,San Francisco,CA,37.777039,-122.449339,WCC
San Jose St.,Provident Credit Union Event Center,5000,San Jose,CA,37.334838,-121.880065,MWC
Santa Clara,Leavey Center,4500,Santa Clara,CA,37.34957,-121.935029,WCC
Savannah St.,Tiger Arena,5000,Savannah,GA,32.023945,-81.065498,MEAC
Seattle,Redhawk Center,999,Seattle,WA,47.606899,-122.313552,WAC
Seton Hall,Prudential Center,18711,Newark,NJ,40.733667,-74.170626,BE
Siena,Times Union Center,15229,Albany,NY,42.648783,-73.754578,MAAC
SIU Edwardsville,Vadalabene Center,4000,Edwardsville,IL,38.795942,-89.999443,OVC
SMU,Moody Coliseum,7000,University Park,TX,32.840639,-96.780279,Amer
South Alabama,Mitchell Center,10041,Mobile,AL,30.692479,-88.179379,SB
South Carolina,Colonial Life Arena,18000,Columbia,SC,33.995107,-81.036954,SEC
South Carolina St.,SHM Memorial Center,3200,Orangeburg,SC,33.501244,-80.846139,MEAC
South Dakota,Sanford Coyote Sports Center,6000,Vermillion,SD,42.789917,-96.927337,Sum
South Dakota St.,Frost Arena,6500,Brookings,SD,44.318534,-96.779105,Sum
South Florida,Yuengling Center,10411,Tampa,FL,28.059037,-82.40557,Amer
Southeast Missouri St.,Show Me Center,6972,Cape Girardeau,MO,37.320227,-89.526722,OVC
Southeastern Louisiana,University Center,7500,Hammond,LA,30.520467,-90.472831,Slnd
Southern,F. G. Clark Center,7500,Baton Rouge,LA,30.522231,-91.185073,SWAC
Southern Illinois,Banterra Center,8339,Carbondale,IL,37.708489,-89.218197,MVC
Southern Miss,Reed Green Coliseum,8095,Hattiesburg,MS,31.331337,-89.337285,CUSA
Southern Utah,America First Event Center,5300,Cedar City,UT,37.675795,-113.072592,BSky
St. Bonaventure,Reilly Center,5480,St. Bonaventure,NY,42.079823,-78.484438,A10
St. Francis NY,Generoso Pope Athletic Complex,1200,Brooklyn,NY,40.693458,-73.991629,NEC
St. Francis PA,DeGol Arena,3500,Loretto,PA,40.504694,-78.64046,NEC
St. John's,Madison Square Garden,19812,New York,NY,40.750691,-73.993278,BE
Stanford,Maples Pavilion,7329,Stanford,CA,37.429739,-122.160376,P12
Stephen F. Austin,William R. Johnson Coliseum,7203,Nacogdoches,TX,31.6225,-94.640211,Slnd
Stetson,Edmunds Center,5000,DeLand,FL,29.039708,-81.301429,ASun
Stony Brook,Island Federal Credit Union Arena,4160,Stony Brook,NY,40.917552,-73.125449,AE
Syracuse,Carrier Dome,35446,Syracuse,NY,43.036431,-76.135651,ACC
TCU,Schollmaier Arena,8500,Fort Worth,TX,32.709022,-97.366382,B12
Temple,Liacouras Center,10205,Philadelphia,PA,39.980034,-75.158219,Amer
Tennessee,Thompson-Boling Arena,21678,Knoxville,TN,35.951318,-83.924596,SEC
Tennessee Martin,Tom and Kathleen Elam Center,5000,Martin,TN,36.34363,-88.866534,OVC
Tennessee St.,Gentry Complex,10500,Nashville,TN,36.169382,-86.828765,OVC
Tennessee Tech,Eblen Center,9282,Cookeville,TN,36.178593,-85.508924,OVC
Texas,Frank Erwin Center,16734,Austin,TX,30.27737,-97.732559,B12
Texas A&M,Reed Arena,12989,College Station,TX,30.606396,-96.345524,SEC
Texas A&M Corpus Chris,American Bank Center Arena,8000,Corpus Christi,TX,27.808797,-97.392914,Slnd
Texas Southern,Health and Physical Education Arena,8100,Houston,TX,29.723159,-95.365099,SWAC
Texas St.,Strahan Coliseum,7200,San Marcos,TX,29.888789,-97.931825,SB
Texas Tech,United Supermarkets Arena,15020,Lubbock,TX,33.581557,-101.885973,B12
The Citadel,McAlister Field House,6000,Charleston,SC,32.79873,-79.961967,SC
Toledo,Savage Arena,7300,Toledo,OH,41.660372,-83.609119,MAC
Towson,SECU Arena,5200,Towson,MD,39.387563,-76.616979,CAA
Troy,Trojan Arena,5200,Troy,AL,31.802473,-85.951927,SB
Tulane,Devlin Fieldhouse,3600,New Orleans,LA,29.939218,-90.120187,Amer
Tulsa,Reynolds Center,8355,Tulsa,OK,36.148999,-95.94188,Amer
UAB,Bartow Arena,8508,Birmingham,AL,33.5025,-86.808861,CUSA
UC Davis,The Pavilion at ARC,7600,Davis,CA,38.542,-121.759349,BW
UC Irvine,Bren Events Center,4984,Irvine,CA,33.649716,-117.84667,BW
UC Riverside,Student Recreation Center Arena,3168,Riverside,CA,33.649211,-117.841901,BW
UC Santa Barbara,UC Santa Barbara Events Center,5600,Santa Barbara,CA,34.413907,-119.85096,BW
UCF,Addition Financial Arena,9465,Orlando,FL,28.607479,-81.196873,Amer
UCLA,Pauley Pavilion,13800,Los Angeles,CA,34.0706,-118.446747,P12
UMass Lowell,Tsongas Center at UMass Lowell,6496,Lowell,MA,42.650387,-71.312436,AE
UMBC,UMBC Event Center,5000,Catonsville,MD,39.25255,-76.706723,AE
UMKC,Swinney Recreation Center,1500,Kansas City,MO,39.035338,-94.578305,WAC
UNC Asheville,Kimmel Arena,3200,Asheville,NC,35.61828,-82.568401,BSth
UNC Greensboro,Greensboro Coliseum,7613,Greensboro,NC,36.058934,-79.825605,SC
UNC Wilmington,Trask Coliseum,5200,Wilmington,NC,34.225204,-77.877678,CAA
UNLV,Thomas & Mack Center,18776,Paradise,NV,36.105282,-115.143775,MWC
USC,Galen Center,10258,Los Angeles,CA,34.021268,-118.279752,P12
USC Upstate,G. B. Hodge Center,878,Spartanburg,SC,34.995935,-81.968303,ASun
UT Arlington,College Park Center,7000,Arlington,TX,32.730622,-97.107411,SB
UT Rio Grande Valley,UTRGV Fieldhouse,5649,Edinburg,TX,26.306915,-98.169361,WAC
Utah,Jon M. Huntsman Center,15000,Salt Lake City,UT,40.76228,-111.838406,P12
Utah St.,Smith Spectrum,10270,Logan,UT,41.747721,-111.811335,MWC
Utah Valley,UCCU Center,8500,Orem,UT,40.27887,-111.716641,WAC
UTEP,Don Haskins Center,12222,El Paso,TX,31.777961,-106.5055,CUSA
UTSA,Convocation Center,4080,San Antonio,TX,29.582578,-98.621035,CUSA
Valparaiso,Athletics-Recreation Center,5000,Valparaiso,IN,41.464392,-87.048097,MVC
Vanderbilt,Memorial Gymnasium,14316,Nashville,TN,36.144762,-86.806594,SEC
VCU,Siegel Center,7617,Richmond,VA,37.552822,-77.452291,A10
Vermont,Patrick Gym,3228,Burlington,VT,44.470789,-73.194301,AE
Villanova,Finneran Pavilion,6500,Villanova,PA,40.034713,-75.33602,BE
Virginia,John Paul Jones Arena,14593,Charlottesville,VA,38.046172,-78.506039,ACC
Virginia Tech,Cassell Coliseum,10052,Blacksburg,VA,37.222835,-80.418581,ACC
VMI,Cameron Hall,5800,Lexington,VA,37.788795,-79.436476,SC
Wagner,Spiro Sports Center,2100,Staten Island,NY,40.615097,-74.095268,NEC
Wake Forest,Lawrence Joel Veterans Memorial Coliseum,14665,Winston-Salem,NC,36.12795,-80.257021,ACC
Washington,Alaska Airlines Arena at Hec Edmundson Pavilion,10000,Seattle,WA,47.652174,-122.301598,P12
Washington St.,Beasley Coliseum,11671,Pullman,WA,46.735323,-117.157581,P12
Weber St.,Dee Events Center,11500,Ogden,UT,41.182527,-111.944602,BSky
West Virginia,WVU Coliseum,14000,Morgantown,WV,39.649477,-79.980683,B12
Western Carolina,Ramsey Center,7826,Cullowhee,NC,35.303437,-83.182028,SC
Western Illinois,Western Hall,5139,Macomb,IL,40.471558,-90.684588,Sum
Western Kentucky,E. A. Diddle Arena,7326,Bowling Green,KY,36.986479,-86.456853,CUSA
Western Michigan,University Arena,5421,Kalamazoo,MI,42.283509,-85.608462,MAC
Wichita St.,Charles Koch Arena,10506,Wichita,KS,37.721858,-97.296707,MVC
William & Mary,Kaplan Arena,11300,Williamsburg,VA,37.27376,-76.719313,CAA
Winthrop,Winthrop Coliseum,6100,Rock Hill,SC,34.948288,-81.014274,BSth
Wisconsin,Kohl Center,17249,Madison,WI,43.069717,-89.396463,B10
Wofford,Jerry Richardson Indoor Stadium,3400,Spartanburg,SC,34.963522,-81.93276,SC
Wright St.,Nutter Center,10400,Fairborn,OH,39.782277,-84.05167,Horz
Wyoming,Arena-Auditorium,15028,Laramie,WY,41.313446,-105.568951,MWC
Xavier,Cintas Center,10250,Cincinnati,OH,39.150605,-84.471499,BE
Yale,Payne Whitney Gymnasium,2532,New Haven,CT,41.314226,-72.930117,Ivy
Youngstown St.,Beeghly Center,6500,Youngstown,OH,41.108384,-80.64846,Horz